,Batting_Hand,total_matches,total_runs,centuries,half_centuries,total_fours,total_sixes,total_dotballs,total_balls_faced,total_ducks,best_score,total_outs,batting_average,India,New Zealand,South Africa,Sri Lanka,West Indies,other,Legbreak googly,Right-arm fast-medium,Right-arm medium,Right-arm medium-fast,Right-arm offbreak,Slow left-arm orthodox,other_bowling
0,1,59,1349,0,7,137,42,662,1326,7,91,38,35.5,1,0,0,0,0,0,0,0,1,0,0,0,0
1,0,92,2435,2,11,248,106,893,1954,5,158,76,32.03947368421053,0,1,0,0,0,0,0,0,1,0,0,0,0
2,0,10,91,0,0,5,2,69,129,4,28,4,22.75,0,0,0,0,0,0,0,0,1,0,0,0,0
3,0,64,1322,0,5,90,60,423,1099,8,71,32,41.3125,0,0,0,0,0,0,0,0,0,0,1,0,0
4,0,8,64,0,0,7,2,51,84,0,16,7,9.142857142857142,0,0,0,0,0,1,0,0,0,0,1,0,0
5,0,89,2170,0,11,268,28,819,1917,10,75,56,38.75,1,0,0,0,0,0,0,0,0,0,1,0,0
6,0,8,130,0,1,14,3,64,129,1,50,8,16.25,1,0,0,0,0,0,0,0,0,0,1,0,0
7,0,138,4105,4,27,360,148,1191,3234,12,113,89,46.12359550561798,1,0,0,0,0,0,0,0,1,0,0,0,0
8,0,98,2427,0,17,255,44,982,2291,11,89,64,37.921875,0,0,1,0,0,0,0,1,0,0,0,0,0
9,0,47,971,0,6,76,38,274,774,6,78,19,51.105263157894754,0,0,0,0,0,0,1,0,0,0,0,0,0
10,0,31,394,0,1,32,13,116,318,8,50,14,28.142857142857146,0,0,1,0,0,0,0,0,1,0,0,0,0
11,0,15,76,0,0,5,5,26,57,6,27,6,12.666666666666664,1,0,0,0,0,0,0,0,0,1,0,0,0
12,0,1,9,0,0,1,0,6,12,0,9,1,9.0,0,0,0,0,0,0,0,1,0,0,0,0,0
13,0,113,332,0,0,22,17,157,314,67,34,31,10.709677419354838,1,0,0,0,0,0,0,0,1,0,0,0,0
14,0,88,113,0,0,11,2,65,128,70,23,11,10.272727272727273,1,0,0,0,0,0,0,0,0,0,0,0,1
15,1,4,6,0,0,0,0,10,16,2,3,2,3.0,1,0,0,0,0,0,0,0,0,0,0,1,0
16,1,103,1927,0,8,248,27,811,1752,13,81,75,25.69333333333333,1,0,0,0,0,0,0,0,1,0,0,0,0
17,1,32,1107,0,8,121,44,366,838,1,93,31,35.709677419354854,0,0,0,0,0,0,0,0,1,0,0,0,0
18,1,59,1977,1,15,198,52,643,1648,2,116,40,49.425,0,0,0,0,0,0,0,0,1,0,0,0,0
19,0,142,3270,0,16,236,140,810,2419,17,70,67,48.80597014925373,1,0,0,0,0,0,0,0,1,0,0,0,0
20,1,146,4106,1,28,360,161,1081,3059,10,100,102,40.25490196078432,1,0,0,0,0,0,0,0,0,0,1,0,0
21,1,18,106,0,0,6,5,50,110,8,41,8,13.25,0,1,0,0,0,0,0,1,0,0,0,0,0
22,0,94,1441,0,11,154,28,493,1245,35,71,37,38.94594594594594,1,0,0,0,0,0,0,0,0,0,1,0,0
23,1,22,218,0,0,17,9,129,238,7,38,15,14.533333333333333,1,0,0,0,0,0,0,0,0,0,1,0,0
24,0,21,417,0,4,49,11,120,314,3,71,16,26.0625,0,0,0,0,0,0,0,0,1,0,0,0,0
25,1,71,1687,0,10,195,27,552,1424,7,94,50,33.74,0,0,0,1,0,0,0,0,0,0,1,0,0
26,1,108,2339,0,10,175,133,822,1862,6,83,89,26.28089887640449,1,0,0,0,0,0,0,0,0,0,0,1,0
27,1,11,237,0,2,25,8,85,190,1,75,10,23.7,0,0,0,0,0,0,0,0,0,0,0,0,1
28,1,102,1148,0,1,88,38,372,982,24,60,41,28.0,1,0,0,0,0,0,0,0,0,0,0,0,1
29,0,4,11,0,0,0,1,14,20,1,7,3,3.6666666666666665,1,0,0,0,0,0,0,0,1,0,0,0,0
30,0,134,2779,1,13,231,143,715,1953,19,100,77,36.09090909090909,1,0,0,0,0,0,0,0,0,0,1,0,0
31,0,94,2553,2,14,251,121,786,1868,6,104,69,37.0,0,0,0,0,0,0,0,1,0,0,0,0,0
32,0,29,259,0,0,22,6,120,258,7,34,17,15.235294117647054,1,0,0,0,0,0,0,0,0,0,1,0,0
33,1,2,18,0,0,3,0,10,19,0,17,2,9.0,0,0,0,0,0,0,0,0,0,0,0,1,0
34,1,125,1574,0,0,112,53,487,1340,33,48,55,28.61818181818181,1,0,0,0,0,0,0,0,0,0,0,1,0
35,0,18,55,0,0,4,1,34,70,8,23,5,11.0,1,0,0,0,0,0,0,0,1,0,0,0,0
36,0,6,33,0,0,5,0,8,24,3,26,2,16.5,1,0,0,0,0,0,0,0,0,0,0,0,0
37,0,55,198,0,0,14,6,105,219,33,34,20,9.9,0,0,0,0,0,0,1,0,0,0,0,0,0
38,0,76,42,0,0,3,1,37,61,65,9,6,7.0,1,0,0,0,0,0,0,0,1,0,0,0,0
39,1,132,3634,0,31,422,51,1166,3027,13,93,97,37.4639175257732,1,0,0,0,0,0,0,0,0,0,0,0,0
40,0,104,2728,2,16,334,106,737,1833,7,122,82,33.26829268292683,1,0,0,0,0,0,0,0,0,0,1,0,0
41,1,113,3082,0,25,348,62,1077,2622,5,95,82,37.58536585365854,1,0,0,0,0,0,0,0,0,0,1,0,0
42,0,5,34,0,0,6,1,26,37,1,13,5,6.8,0,0,0,0,0,0,0,0,1,0,0,0,0
43,1,30,768,1,4,84,39,292,573,2,114,28,27.42857142857143,0,0,0,1,0,0,0,0,0,0,0,1,0
44,0,6,39,0,0,2,2,31,54,3,30,3,13.0,0,0,0,0,0,0,0,0,1,0,0,0,0
45,0,135,3390,0,17,341,104,1089,2720,10,83,93,36.451612903225815,1,0,0,0,0,0,0,0,1,0,0,0,0
46,0,16,91,0,0,9,2,50,96,8,29,8,11.375,1,0,0,0,0,0,0,0,1,0,0,0,0
47,1,60,672,0,0,55,20,234,588,14,45,32,21.0,1,0,0,0,0,0,0,0,1,0,0,0,0
48,0,13,147,0,0,12,8,47,116,7,33,8,18.375,0,0,1,0,0,0,0,1,0,0,0,0,0
49,0,125,783,0,1,76,40,250,573,61,64,39,20.076923076923077,1,0,0,0,0,0,0,0,0,0,1,0,0
50,1,3,25,0,0,4,0,20,33,0,16,3,8.333333333333334,0,0,0,0,1,0,0,0,0,0,0,0,0
51,0,55,1017,0,3,66,46,334,847,4,81,25,40.68,0,1,0,0,0,0,0,0,0,0,1,0,0
52,1,80,2065,2,11,238,92,737,1554,7,109,65,31.76923076923077,0,0,0,0,0,0,0,0,0,0,1,0,0
53,0,65,985,0,3,77,37,355,865,16,71,38,25.921052631578952,1,0,0,0,0,0,0,0,0,0,1,0,0
54,0,20,282,0,1,33,5,123,271,4,52,19,14.842105263157894,1,0,0,0,0,0,0,0,0,0,1,0,0
55,0,39,974,1,5,74,41,307,780,3,117,27,36.074074074074076,0,0,0,0,0,0,0,0,0,0,1,0,0
56,0,142,3874,1,29,323,164,1081,2995,12,109,98,39.53061224489796,1,0,0,0,0,0,0,0,0,0,1,0,0
57,0,12,131,0,0,10,3,53,134,2,36,7,18.714285714285715,0,1,0,0,0,0,0,0,1,0,0,0,0
58,0,12,49,0,0,1,3,28,58,5,17,7,7.0,1,0,0,0,0,0,0,0,0,1,0,0,0
59,1,13,81,0,0,2,3,24,73,5,20,8,10.125,0,0,0,1,0,0,0,0,0,0,0,0,1
60,0,82,52,0,0,2,1,41,78,60,10,13,4.0,1,0,0,0,0,0,0,0,0,0,0,0,1
61,0,89,1323,1,5,110,49,379,1025,23,115,50,26.46,1,0,0,0,0,0,0,0,1,0,0,0,0
62,0,47,399,0,0,33,15,152,357,17,48,20,19.95,1,0,0,0,0,0,0,0,1,0,0,0,0
63,0,80,1808,1,10,200,40,619,1522,4,110,45,40.17777777777777,0,0,0,1,0,0,0,0,1,0,0,0,0
64,0,22,368,0,2,34,18,158,311,5,62,20,18.4,1,0,0,0,0,0,0,0,0,0,0,0,0
65,0,38,124,0,0,8,8,46,102,21,25,8,15.5,0,0,0,0,0,0,0,0,0,0,0,0,1
66,1,123,513,0,0,49,15,203,461,69,24,30,17.1,1,0,0,0,0,0,0,0,0,0,0,0,0
67,0,12,56,0,0,2,0,30,76,4,25,6,9.333333333333334,1,0,0,0,0,0,0,0,1,0,0,0,0
68,0,6,128,0,1,13,8,33,78,0,53,5,25.6,0,0,0,0,0,1,0,0,1,0,0,0,0
69,0,10,81,0,0,7,6,20,46,2,33,8,10.125,0,0,0,0,0,1,1,0,0,0,0,0,0
70,0,105,1262,0,4,102,48,419,1032,26,70,44,28.681818181818183,0,0,0,0,1,0,0,0,0,1,0,0,0
71,0,4,24,0,0,2,1,10,22,1,9,2,12.0,1,0,0,0,0,0,0,0,1,0,0,0,0
72,0,82,41,0,0,3,1,37,63,72,22,5,8.2,1,0,0,0,0,0,0,0,0,0,0,0,1
73,1,29,739,0,4,94,9,319,690,3,91,26,28.42307692307693,0,0,1,0,0,0,0,0,0,0,1,0,0
74,0,17,7,0,0,0,0,6,12,13,4,2,3.5,1,0,0,0,0,0,0,0,0,1,0,0,0
75,0,4,73,0,0,6,1,34,78,0,31,4,18.25,0,0,0,0,1,0,0,0,0,0,0,0,0
76,0,44,34,0,0,6,0,43,57,38,15,3,11.333333333333336,1,0,0,0,0,0,0,1,0,0,0,0,0
77,0,19,4,0,0,1,0,2,3,18,4,2,2.0,1,0,0,0,0,0,0,0,0,1,0,0,0
78,1,79,1218,0,6,84,44,403,1063,17,61,36,33.833333333333336,1,0,0,0,0,0,0,0,1,0,0,0,0
79,0,66,89,0,0,6,2,47,99,51,28,7,12.714285714285715,1,0,0,0,0,0,0,0,1,0,0,0,0
80,0,101,304,0,0,20,9,117,285,65,26,22,13.818181818181818,1,0,0,0,0,0,0,0,1,0,0,0,0
81,0,42,179,0,0,13,5,60,160,24,39,9,19.88888888888889,1,0,0,0,0,0,0,0,0,0,0,0,1
82,1,56,113,0,0,7,1,32,109,43,21,7,16.142857142857142,1,0,0,0,0,0,0,0,0,0,0,1,0
83,0,70,37,0,0,2,1,23,46,58,9,4,9.25,1,0,0,0,0,0,0,1,0,0,0,0,0
84,0,95,2675,1,23,285,51,882,2274,14,103,58,46.120689655172406,1,0,0,0,0,0,0,0,1,0,0,0,0
85,0,7,52,0,0,5,0,16,49,2,24,4,13.0,0,0,0,0,0,1,0,0,0,0,1,0,0
86,0,78,1324,0,5,121,28,474,1201,19,75,32,41.375,1,0,0,0,0,0,1,0,0,0,0,0,0
87,0,138,2542,0,12,256,60,782,2091,25,86,88,28.88636363636364,1,0,0,0,0,0,0,0,1,0,0,0,0
88,0,92,326,0,0,24,12,103,273,51,26,23,14.173913043478262,1,0,0,0,0,0,0,0,0,1,0,0,0
89,0,20,177,0,0,12,9,44,124,8,39,10,17.7,1,0,0,0,0,0,0,1,0,0,0,0,0
90,0,17,15,0,0,0,0,15,28,13,6,2,7.5,1,0,0,0,0,0,0,0,0,1,0,0,0
91,1,7,8,0,0,0,0,5,11,5,7,1,8.0,1,0,0,0,0,0,0,0,1,0,0,0,0
92,0,23,280,0,1,28,7,110,256,2,61,12,23.33333333333333,1,0,0,0,0,0,0,0,1,0,0,0,0
93,0,90,166,0,0,14,3,71,161,63,19,17,9.764705882352944,0,0,1,0,0,0,0,0,0,0,0,0,1
94,0,31,304,0,0,23,16,124,267,10,35,10,30.4,1,0,0,0,0,0,1,0,0,0,0,0,0
95,0,89,1827,1,7,169,53,647,1586,17,114,60,30.45,1,0,0,0,0,0,0,0,1,0,0,0,0
96,0,36,886,0,6,83,31,410,837,4,69,30,29.53333333333333,0,0,1,0,0,0,0,0,0,0,0,0,1
97,1,3,11,0,0,1,0,3,9,1,10,1,11.0,0,0,0,1,0,0,0,0,0,0,0,0,1
98,0,3,3,0,0,0,0,5,8,2,3,1,3.0,1,0,0,0,0,0,0,0,0,1,0,0,0
99,1,62,2225,1,18,233,73,660,1715,2,115,44,50.56818181818182,0,0,0,0,0,0,0,0,0,0,0,1,0
100,0,20,423,0,2,56,10,164,352,3,60,20,21.15,1,0,0,0,0,0,0,0,0,0,1,0,0
101,1,11,36,0,0,3,1,11,31,6,13,3,12.0,0,0,0,0,0,1,0,0,0,0,0,0,1
102,1,7,193,0,1,30,2,86,172,0,73,7,27.57142857142857,0,0,0,0,0,1,0,0,0,0,1,0,0
103,0,66,1400,0,6,122,43,439,1153,7,73,31,45.161290322580655,0,0,0,0,0,0,0,0,0,0,1,0,0
104,0,6,39,0,0,1,5,8,19,2,24,3,13.0,0,0,0,0,0,1,0,1,0,0,0,0,0
105,0,75,19,0,0,1,0,27,42,66,6,6,3.1666666666666665,1,0,0,0,0,0,0,0,0,1,0,0,0
106,1,10,196,0,0,27,3,86,171,1,45,9,21.777777777777786,0,1,0,0,0,0,0,0,1,0,0,0,0
107,1,9,145,0,1,21,3,55,115,2,54,8,18.125,1,0,0,0,0,0,0,0,0,0,0,1,0
108,1,90,975,0,3,61,55,252,712,26,73,33,29.54545454545455,0,0,1,0,0,0,0,0,0,1,0,0,0
109,0,119,3270,3,22,275,142,702,2231,18,133,72,45.41666666666666,0,0,1,0,0,0,0,0,1,0,0,0,0
110,0,3,40,0,0,5,1,10,27,1,23,2,20.0,0,0,0,1,0,0,0,0,0,0,0,0,0
111,0,32,375,0,1,35,9,124,325,8,60,16,23.4375,1,0,0,0,0,0,1,0,0,0,0,0,0
112,0,8,117,0,0,10,6,31,82,2,47,7,16.714285714285715,0,0,0,0,0,1,0,0,0,0,0,0,0
113,0,16,192,0,0,26,3,100,183,8,45,8,24.0,1,0,0,0,0,0,0,0,1,0,0,0,0
114,0,10,20,0,0,1,1,6,18,5,11,1,20.0,1,0,0,0,0,0,0,1,0,0,0,0,0
115,0,33,22,0,0,1,0,16,32,27,6,4,5.5,1,0,0,0,0,0,0,0,0,0,0,0,1
116,1,8,3,0,0,0,0,3,6,7,3,2,1.5,0,0,0,0,0,1,0,1,0,0,0,0,0
117,0,14,4,0,0,1,0,4,5,13,4,1,4.0,0,0,0,0,0,0,0,1,0,0,0,0,0
118,0,16,36,0,0,1,2,10,30,13,16,4,9.0,1,0,0,0,0,0,0,1,0,0,0,0,0
119,0,43,99,0,0,6,8,39,76,32,42,7,14.142857142857142,1,0,0,0,0,0,0,0,1,0,0,0,0
120,0,66,20,0,0,1,0,17,30,60,6,4,5.0,0,0,0,1,0,0,0,0,0,0,1,0,0
121,0,9,11,0,0,2,0,15,19,8,11,1,11.0,0,0,1,0,0,0,0,0,0,0,0,0,1
122,0,2,13,0,0,1,0,5,13,0,9,2,6.5,1,0,0,0,0,0,0,0,1,0,0,0,0
123,0,42,35,0,0,3,0,24,49,28,8,3,11.666666666666664,1,0,0,0,0,0,1,0,0,0,0,0,0
124,0,20,136,0,1,9,7,54,121,10,64,7,19.428571428571427,1,0,0,0,0,0,0,0,1,0,0,0,0
125,0,61,39,0,0,5,0,17,40,55,23,5,7.8,1,0,0,0,0,0,0,0,0,1,0,0,0
126,0,5,16,0,0,0,0,10,24,3,8,3,5.333333333333333,0,0,0,1,0,0,0,0,1,0,0,0,0
127,0,7,53,0,0,7,0,45,75,1,24,6,8.833333333333334,1,0,0,0,0,0,0,0,0,0,1,0,0
128,0,3,31,0,0,3,0,9,26,0,15,3,10.333333333333334,0,0,0,0,0,1,0,0,1,0,0,0,0
129,0,3,23,0,0,5,0,16,24,1,22,3,7.666666666666668,1,0,0,0,0,0,0,0,0,0,1,0,0
130,1,92,16,0,0,0,0,30,45,80,3,10,1.6,1,0,0,0,0,0,0,0,0,0,0,1,0
131,1,23,241,0,1,26,2,124,260,9,52,10,24.1,1,0,0,0,0,0,0,0,1,0,0,0,0
132,0,78,2329,1,13,295,29,874,2042,4,100,52,44.78846153846154,1,0,0,0,0,0,0,0,0,0,1,0,0
133,1,5,0,0,0,0,0,1,1,5,0,0,0.0,1,0,0,0,0,0,0,0,1,0,0,0,0
134,0,51,1153,0,9,140,24,492,1047,7,76,32,36.03125,0,0,0,1,0,0,0,0,0,0,1,0,0
135,0,112,291,0,0,25,3,142,326,77,31,23,12.652173913043475,1,0,0,0,0,0,0,0,0,0,0,0,0
136,0,13,79,0,0,5,1,29,79,4,27,6,13.166666666666664,0,0,0,0,0,1,0,1,0,0,0,0,0
137,1,9,121,0,1,14,1,61,124,3,57,4,30.25,1,0,0,0,0,0,0,0,1,0,0,0,0
138,1,17,302,0,1,25,13,109,251,1,79,11,27.45454545454545,0,0,0,0,0,0,0,0,0,0,1,0,0
139,1,47,83,0,0,9,1,33,79,37,33,2,41.5,1,0,0,0,0,0,0,0,0,0,0,1,0
140,0,1,3,0,0,0,0,4,7,0,3,1,3.0,0,0,0,0,0,1,0,0,1,0,0,0,0
141,0,2,1,0,0,0,0,1,2,1,1,0,0.0,1,0,0,0,0,0,0,0,1,0,0,0,0
142,0,9,1,0,0,0,0,0,1,8,1,0,0.0,1,0,0,0,0,0,0,0,1,0,0,0,0
143,0,3,2,0,0,0,0,6,8,2,2,1,2.0,0,0,0,0,0,1,0,0,0,0,0,0,1
144,1,1,0,0,0,0,0,2,2,1,0,0,0.0,0,0,0,0,0,1,0,0,0,0,0,1,0
145,0,1,2,0,0,0,0,3,5,0,2,1,2.0,1,0,0,0,0,0,0,0,1,0,0,0,0
146,0,79,2146,0,15,213,109,771,1645,8,87,67,32.02985074626866,0,0,0,0,1,0,0,0,1,0,0,0,0
147,0,11,99,0,0,10,2,38,92,3,38,4,24.75,1,0,0,0,0,0,0,0,0,0,1,0,0
148,0,10,4,0,0,0,0,0,3,8,2,0,0.0,0,0,0,1,0,0,0,1,0,0,0,0,0
149,0,2,2,0,0,0,0,1,2,1,2,1,2.0,1,0,0,0,0,0,0,0,0,0,1,0,0
150,0,73,36,0,0,2,1,29,50,65,15,8,4.5,1,0,0,0,0,0,0,0,0,1,0,0,0
151,1,3,19,0,0,1,0,9,23,2,19,2,9.5,1,0,0,0,0,0,1,0,0,0,0,0,0
152,0,27,67,0,0,6,1,27,64,19,28,3,22.33333333333333,1,0,0,0,0,0,0,0,0,0,1,0,0
153,1,77,1993,0,14,123,78,535,1634,5,78,47,42.40425531914894,0,0,1,0,0,0,0,0,0,0,1,0,0
154,0,3,62,0,0,5,2,24,57,0,24,2,31.0,0,0,0,0,0,1,0,1,0,0,0,0,0
155,1,6,12,0,0,0,0,10,19,2,8,2,6.0,0,0,0,1,0,0,0,0,0,0,0,0,1
156,1,29,604,0,4,69,19,200,466,4,86,18,33.55555555555556,0,1,0,0,0,0,0,0,1,0,0,0,0
157,0,36,1001,1,4,91,40,289,757,4,103,23,43.52173913043478,0,0,1,0,0,0,0,0,0,0,1,0,0
158,0,2,11,0,0,0,1,11,16,1,11,2,5.5,0,0,1,0,0,0,0,1,0,0,0,0,0
159,1,9,3,0,0,0,0,3,5,8,3,1,3.0,1,0,0,0,0,0,0,0,0,0,0,0,1
160,0,24,531,0,3,39,16,175,468,4,84,18,29.5,0,0,0,0,0,1,0,0,1,0,0,0,0
161,1,91,3447,5,21,281,252,1088,2359,4,175,65,53.03076923076922,0,0,0,0,1,0,0,0,0,0,1,0,0
162,0,45,692,0,2,59,23,213,564,9,74,27,25.62962962962963,0,0,0,0,0,0,0,1,0,0,0,0,0
163,0,3,19,0,0,1,2,11,17,1,18,3,6.333333333333332,1,0,0,0,0,0,0,0,0,1,0,0,0
164,0,6,4,0,0,0,0,3,5,4,3,1,4.0,0,0,0,0,1,0,0,0,0,0,0,0,1
165,1,47,268,0,0,13,12,97,243,20,39,14,19.142857142857142,1,0,0,0,0,0,1,0,0,0,0,0,0
166,0,23,501,1,2,60,20,230,431,1,120,15,33.4,1,0,0,0,0,0,0,0,1,0,0,0,0
167,1,7,103,0,1,12,3,57,105,0,51,7,14.714285714285715,0,0,0,0,0,0,0,0,1,0,0,0,0
168,0,22,194,0,0,13,7,67,172,7,36,9,21.555555555555557,1,0,0,0,0,0,1,0,0,0,0,0,0
169,0,8,47,0,0,5,0,39,67,4,20,4,11.75,1,0,0,0,0,0,0,0,1,0,0,0,0
170,0,55,514,0,0,43,10,197,486,23,42,19,27.052631578947373,1,0,0,0,0,0,0,0,0,0,1,0,0
171,0,7,69,0,0,5,0,43,88,0,22,5,13.8,1,0,0,0,0,0,0,0,1,0,0,0,0
172,0,2,7,0,0,1,0,5,8,1,7,2,3.5,1,0,0,0,0,0,0,0,1,0,0,0,0
173,0,10,3,0,0,0,0,3,6,8,2,2,1.5,0,0,0,1,0,0,0,0,0,0,1,0,0
174,1,34,121,0,0,11,2,46,118,19,29,4,30.25,0,1,0,0,0,0,0,0,0,0,0,1,0
175,0,5,167,0,1,19,1,44,135,1,74,3,55.66666666666666,0,0,1,0,0,0,0,0,0,0,0,1,0
176,0,21,159,0,0,11,8,65,143,6,35,11,14.454545454545455,0,0,1,0,0,0,0,0,0,0,0,1,0
177,0,43,676,0,2,55,26,255,587,7,78,27,25.037037037037038,1,0,0,0,0,0,0,0,0,0,1,0,0
178,0,8,1,0,0,0,0,5,6,7,1,2,0.5,0,0,0,0,0,1,0,1,0,0,0,0,0
179,0,1,15,0,0,1,0,7,16,0,15,1,15.0,0,0,0,0,0,1,0,0,1,0,0,0,0
180,0,13,2,0,0,0,0,2,4,11,1,1,2.0,1,0,0,0,0,0,0,0,0,0,0,1,0
181,1,5,81,0,0,11,0,31,71,0,39,4,20.25,0,0,0,0,0,0,0,0,0,0,0,0,1
182,0,98,1474,0,6,119,76,620,1286,19,94,58,25.41379310344828,1,0,0,0,0,0,0,0,1,0,0,0,0
183,0,3,9,0,0,0,0,7,14,1,6,0,0.0,0,0,0,0,0,0,0,1,0,0,0,0,0
184,0,100,2511,2,13,237,89,929,2091,5,127,78,32.19230769230769,1,0,0,0,0,0,0,0,0,0,1,0,0
185,1,57,28,0,0,3,0,12,30,52,13,1,28.0,1,0,0,0,0,0,0,0,0,0,0,1,0
186,1,100,3373,2,32,338,134,950,2440,7,109,75,44.973333333333336,0,0,0,0,0,0,0,0,0,0,0,0,0
187,0,37,117,0,0,6,3,46,112,18,17,10,11.7,0,0,0,0,0,0,0,0,0,0,0,0,1
188,0,2,10,0,0,0,0,5,13,1,10,1,10.0,0,0,1,0,0,0,0,1,0,0,0,0,0
189,1,70,126,0,0,11,5,35,93,54,23,7,18.0,0,0,1,0,0,0,0,0,0,0,0,0,1
190,0,46,692,0,1,42,28,197,571,9,65,19,36.42105263157895,0,0,0,1,0,0,0,1,0,0,0,0,0
191,0,34,409,0,1,39,5,138,364,6,67,13,31.461538461538463,0,0,1,0,0,0,0,0,0,0,1,0,0
192,0,3,0,0,0,0,0,1,1,3,0,1,0.0,1,0,0,0,0,0,0,0,0,0,0,0,0
193,0,98,81,0,0,6,4,58,100,85,17,9,9.0,0,0,0,1,0,0,0,0,0,0,0,0,1
194,0,1,2,0,0,0,0,1,2,0,2,0,0.0,0,0,0,0,0,1,0,1,0,0,0,0,0
195,0,23,2,0,0,0,0,8,10,21,1,3,0.6666666666666666,1,0,0,0,0,0,0,0,0,1,0,0,0
196,0,40,663,0,2,59,19,207,552,5,61,27,24.555555555555557,0,0,0,0,0,0,0,0,1,0,0,0,0
197,0,10,123,0,0,9,4,38,103,2,33,2,61.5,0,0,0,0,0,0,0,1,0,0,0,0,0
198,0,26,285,0,0,20,9,113,271,9,44,9,31.66666666666667,1,0,0,0,0,0,0,0,0,0,1,0,0
199,0,2,6,0,0,1,0,4,7,1,6,1,6.0,1,0,0,0,0,0,0,0,1,0,0,0,0
200,0,110,231,0,0,22,2,104,245,80,29,18,12.833333333333336,1,0,0,0,0,0,0,0,0,0,1,0,0
201,0,1,2,0,0,0,0,10,12,0,2,1,2.0,0,0,0,0,0,1,0,0,0,0,1,0,0
202,0,30,390,0,1,50,4,200,403,9,51,16,24.375,1,0,0,0,0,0,0,0,0,0,0,0,0
203,0,23,506,0,4,34,23,149,405,1,76,6,84.33333333333333,0,0,0,0,0,1,0,0,0,0,1,0,0
204,1,5,63,0,0,6,1,34,69,2,40,4,15.75,1,0,0,0,0,0,0,0,1,0,0,0,0
205,0,8,8,0,0,0,0,5,11,5,4,1,8.0,1,0,0,0,0,0,0,0,1,0,0,0,0
206,0,32,321,0,1,37,11,125,260,11,59,21,15.285714285714285,1,0,0,0,0,0,0,0,1,0,0,0,0
207,0,109,2325,0,13,198,76,663,1884,15,81,71,32.74647887323944,1,0,0,0,0,0,0,0,0,0,1,0,0
208,0,34,270,0,0,22,6,92,236,12,27,15,18.0,1,0,0,0,0,0,0,0,1,0,0,0,0
209,1,18,159,0,1,14,1,76,178,7,51,7,22.714285714285715,0,0,1,0,0,0,0,0,0,1,0,0,0
210,0,21,217,0,1,19,5,98,218,7,53,11,19.727272727272727,1,0,0,0,0,0,0,0,0,0,1,0,0
211,0,13,127,0,0,4,5,63,141,2,41,9,14.111111111111107,1,0,0,0,0,0,0,0,0,0,0,0,0
212,1,2,4,0,0,0,0,3,7,1,4,1,4.0,1,0,0,0,0,0,0,0,0,0,0,0,1
213,0,39,798,0,4,93,23,375,737,3,92,26,30.69230769230769,1,0,0,0,0,0,0,0,1,0,0,0,0
214,1,11,0,0,0,0,0,1,1,11,0,0,0.0,1,0,0,0,0,0,0,0,0,0,0,0,1
215,1,48,789,0,4,66,32,287,663,9,66,31,25.451612903225808,0,0,0,0,0,1,0,0,1,0,0,0,0
216,0,5,26,0,0,1,1,11,25,3,22,2,13.0,0,0,1,0,0,0,0,1,0,0,0,0,0
217,0,14,3,0,0,0,0,1,4,13,3,1,3.0,1,0,0,0,0,0,0,0,1,0,0,0,0
218,1,2,2,0,0,0,0,6,8,1,2,1,2.0,1,0,0,0,0,0,0,0,0,0,0,1,0
219,0,8,1,0,0,0,0,1,2,7,1,1,1.0,0,1,0,0,0,0,0,0,0,0,0,0,1
220,0,106,1959,0,9,131,125,543,1380,13,78,57,34.36842105263157,0,0,0,0,1,0,0,0,0,1,0,0,0
221,0,9,0,0,0,0,0,10,10,9,0,1,0.0,1,0,0,0,0,0,0,0,0,0,0,0,0
222,0,29,4,0,0,0,0,9,13,27,3,1,4.0,0,0,0,0,0,0,0,0,0,0,0,0,1
223,1,12,278,0,1,45,6,96,198,3,83,12,23.16666666666667,0,0,0,0,0,1,0,0,1,0,0,0,0
224,0,1,19,0,0,1,0,10,26,0,19,1,19.0,0,0,0,0,0,0,0,0,1,0,0,0,0
225,1,7,37,0,0,6,0,12,29,4,23,3,12.333333333333336,1,0,0,0,0,0,0,0,1,0,0,0,0
226,0,3,42,0,0,5,1,22,43,0,33,2,21.0,1,0,0,0,0,0,0,0,0,0,1,0,0
227,1,26,156,0,0,9,8,24,99,12,35,4,39.0,1,0,0,0,0,0,0,0,0,0,0,1,0
228,1,12,183,0,0,22,1,74,179,2,45,10,18.3,1,0,0,0,0,0,0,0,1,0,0,0,0
229,0,9,181,0,0,15,3,44,143,2,45,4,45.25,0,0,0,0,0,0,0,0,0,0,0,1,0
230,0,18,237,0,0,24,8,102,213,2,41,15,15.8,1,0,0,0,0,0,0,0,0,0,1,0,0
231,0,88,133,0,0,13,5,56,121,67,24,9,14.777777777777779,1,0,0,0,0,0,0,1,0,0,0,0,0
232,0,10,10,0,0,1,0,6,13,7,7,2,5.0,0,0,1,0,0,0,0,0,0,1,0,0,0
233,0,14,5,0,0,0,0,1,5,11,3,1,5.0,1,0,0,0,0,0,0,0,0,0,0,0,1
234,0,44,66,0,0,5,3,48,77,35,14,7,9.428571428571429,1,0,0,0,0,0,0,0,0,0,1,0,0
235,0,59,924,0,4,113,14,313,760,17,77,24,38.5,1,0,0,0,0,0,0,0,1,0,0,0,0
236,0,51,626,0,2,47,23,159,490,12,63,24,26.08333333333333,1,0,0,0,0,0,0,0,0,0,1,0,0
237,0,21,23,0,0,1,1,11,26,17,11,2,11.5,0,0,0,0,0,0,0,0,0,0,0,0,1
238,0,17,51,0,0,4,1,24,53,10,19,3,17.0,1,0,0,0,0,0,1,0,0,0,0,0,0
239,0,2,10,0,0,1,0,3,9,1,10,1,10.0,0,0,0,0,1,0,0,0,0,0,0,0,1
240,0,8,203,0,3,9,13,60,159,1,75,5,40.6,0,0,0,0,0,1,0,0,1,0,0,0,0
241,0,7,8,0,0,0,1,6,9,6,8,2,4.0,0,0,0,0,0,1,0,1,0,0,0,0,0
242,0,13,7,0,0,1,0,3,7,11,6,1,7.0,1,0,0,0,0,0,0,0,1,0,0,0,0
243,0,16,34,0,0,4,1,11,26,11,11,5,6.8,1,0,0,0,0,0,0,0,1,0,0,0,0
244,0,3,34,0,0,3,1,7,23,1,30,2,17.0,1,0,0,0,0,0,0,0,0,1,0,0,0
245,0,17,36,0,0,4,1,11,27,11,18,1,36.0,1,0,0,0,0,0,0,0,0,1,0,0,0
246,0,3,4,0,0,1,0,1,2,2,4,0,0.0,1,0,0,0,0,0,0,0,1,0,0,0,0
247,1,27,21,0,0,1,1,11,23,24,16,1,21.0,0,0,0,0,0,0,0,0,0,0,0,0,1
248,1,2,31,0,0,3,0,18,38,0,27,2,15.5,1,0,0,0,0,0,0,0,0,0,0,1,0
249,0,5,35,0,0,3,0,15,38,1,16,1,35.0,1,0,0,0,0,0,0,0,0,1,0,0,0
250,0,1,15,0,0,3,0,15,21,0,15,1,15.0,1,0,0,0,0,0,0,0,1,0,0,0,0
251,0,5,49,0,0,9,0,41,61,1,20,5,9.8,1,0,0,0,0,0,0,0,1,0,0,0,0
252,0,20,225,0,0,9,14,84,201,6,38,7,32.142857142857146,0,0,0,0,0,0,0,0,1,0,0,0,0
253,0,52,1304,0,11,145,40,479,1080,6,88,41,31.804878048780488,0,0,0,0,0,0,0,0,0,0,0,1,0
254,0,72,688,0,0,53,26,200,542,28,48,23,29.91304347826087,1,0,0,0,0,0,0,0,1,0,0,0,0
255,1,28,18,0,0,3,0,5,12,25,14,3,6.0,1,0,0,0,0,0,0,0,0,0,0,1,0
256,0,5,43,0,0,3,0,32,60,0,25,2,21.5,1,0,0,0,0,0,1,0,0,0,0,0,0
257,0,23,341,0,0,17,13,99,299,2,39,11,31.0,0,0,0,0,0,0,0,1,0,0,0,0,0
258,0,13,50,0,0,5,1,27,53,7,26,5,10.0,1,0,0,0,0,0,0,0,1,0,0,0,0
259,0,49,788,0,3,79,33,306,663,6,68,28,28.142857142857146,1,0,0,0,0,0,0,0,1,0,0,0,0
260,0,8,39,0,0,5,2,14,26,3,14,4,9.75,1,0,0,0,0,0,0,0,1,0,0,0,0
261,0,21,300,0,1,32,9,170,314,5,58,15,20.0,1,0,0,0,0,0,0,0,0,0,1,0,0
262,0,7,92,0,0,10,4,62,101,1,32,6,15.333333333333336,0,0,1,0,0,0,0,0,1,0,0,0,0
263,0,6,43,0,0,6,1,12,31,1,20,4,10.75,1,0,0,0,0,0,0,0,0,1,0,0,0
264,0,1,1,0,0,0,0,0,1,0,1,0,0.0,0,0,0,0,0,0,0,1,0,0,0,0,0
265,1,29,401,0,0,24,18,152,367,7,40,9,44.55555555555557,1,0,0,0,0,0,0,0,0,0,0,1,0
266,1,26,63,0,0,4,1,39,80,14,16,5,12.6,0,0,1,0,0,0,0,0,0,0,0,0,1
267,0,3,18,0,0,1,1,8,17,1,14,2,9.0,0,0,1,0,0,0,0,0,0,1,0,0,0
268,0,2,3,0,0,0,0,3,6,1,3,1,3.0,1,0,0,0,0,0,0,0,0,0,1,0,0
269,1,28,27,0,0,5,0,7,19,25,14,0,0.0,1,0,0,0,0,0,0,0,0,0,0,0,1
270,1,3,22,0,0,0,0,15,33,0,11,3,7.333333333333332,0,0,0,0,0,0,0,0,1,0,0,0,0
271,0,2,10,0,0,0,0,19,29,0,8,2,5.0,0,0,0,0,0,0,0,0,1,0,0,0,0
272,1,8,2,0,0,0,0,2,3,7,2,2,1.0,1,0,0,0,0,0,0,0,0,0,0,0,1
273,0,15,20,0,0,1,1,8,19,12,12,0,0.0,0,0,0,0,0,1,0,1,0,0,0,0,0
274,1,20,321,0,1,25,8,124,308,4,79,2,160.5,0,1,0,0,0,0,0,0,0,0,0,0,1
275,1,42,499,0,2,44,15,140,400,13,66,18,27.722222222222214,0,0,0,0,0,1,0,0,0,0,0,1,0
276,1,25,170,0,0,23,2,62,142,9,34,5,34.0,1,0,0,0,0,0,0,0,1,0,0,0,0
277,0,8,2,0,0,0,0,3,4,7,2,1,2.0,0,0,0,1,0,0,0,0,0,0,1,0,0
278,0,1,18,0,0,2,1,5,11,0,18,1,18.0,0,0,0,0,0,0,0,0,1,0,0,0,0
279,1,37,423,0,0,23,26,129,325,8,40,16,26.4375,0,0,0,1,0,0,0,0,0,1,0,0,0
280,0,2,26,0,0,0,1,8,23,0,15,1,26.0,0,1,0,0,0,0,0,0,0,0,1,0,0
281,0,5,3,0,0,0,0,2,4,3,2,1,3.0,0,1,0,0,0,0,0,0,0,0,0,0,1
282,1,11,29,0,0,4,0,11,27,6,13,1,29.0,1,0,0,0,0,0,0,0,0,0,0,1,0
283,0,29,326,0,1,26,15,80,238,11,70,12,27.16666666666667,0,0,0,0,0,1,0,0,0,1,0,0,0
284,1,5,75,0,0,9,2,27,59,0,27,5,15.0,0,0,0,0,0,0,0,0,1,0,0,0,0
285,1,12,10,0,0,1,0,7,14,9,5,1,10.0,1,0,0,0,0,0,0,0,0,0,0,1,0
286,1,4,20,0,0,0,0,8,26,1,13,1,20.0,1,0,0,0,0,0,0,0,1,0,0,0,0
287,0,4,73,0,0,9,0,36,78,0,29,4,18.25,0,0,0,0,0,0,0,0,1,0,0,0,0
288,1,7,120,0,1,21,2,48,91,1,51,6,20.0,0,0,0,0,0,0,0,0,0,0,0,0,1
289,0,1,7,0,0,1,0,0,4,0,7,0,0.0,1,0,0,0,0,0,0,0,0,1,0,0,0
290,0,3,0,0,0,0,0,2,2,3,0,0,0.0,1,0,0,0,0,0,0,0,0,1,0,0,0
291,1,3,21,0,0,2,0,12,26,0,13,2,10.5,0,0,1,0,0,0,0,0,0,0,0,0,0
292,0,48,24,0,0,1,0,44,62,39,6,6,4.0,1,0,0,0,0,0,0,0,0,0,0,1,0
293,0,8,1,0,0,0,0,2,3,7,1,0,0.0,1,0,0,0,0,0,0,0,0,0,0,0,1
294,0,9,98,0,0,9,0,58,119,1,23,2,49.0,0,0,0,0,0,0,0,0,1,0,0,0,0
295,0,36,42,0,0,2,2,22,45,31,17,1,42.0,1,0,0,0,0,0,0,0,0,0,0,0,1
296,1,13,12,0,0,2,0,5,11,10,7,1,12.0,1,0,0,0,0,0,0,0,0,0,0,1,0
297,0,4,0,0,0,0,0,13,13,4,0,1,0.0,1,0,0,0,0,0,0,0,0,0,0,1,0
298,0,76,154,0,0,15,3,75,156,49,24,12,12.833333333333336,1,0,0,0,0,0,0,0,1,0,0,0,0
299,0,2,19,0,0,3,0,9,18,1,19,1,19.0,1,0,0,0,0,0,0,0,1,0,0,0,0
300,0,11,91,0,0,9,1,33,82,3,19,4,22.75,1,0,0,0,0,0,0,0,0,1,0,0,0
301,1,17,6,0,0,0,1,6,7,16,6,1,6.0,1,0,0,0,0,0,0,0,0,0,0,1,0
302,0,50,1287,0,8,109,38,357,1036,7,73,31,41.516129032258064,0,0,1,0,0,0,0,0,0,0,0,0,0
303,0,6,83,0,1,10,4,41,74,2,50,1,83.0,0,0,1,0,0,0,0,0,1,0,0,0,0
304,0,43,919,0,6,76,56,233,594,7,95,38,24.184210526315788,0,0,0,0,0,0,0,0,0,0,1,0,0
305,0,54,1241,1,2,113,33,291,933,7,101,24,51.70833333333334,1,0,0,0,0,0,1,0,0,0,0,0,0
306,0,10,132,0,0,8,5,68,142,0,46,0,0.0,0,0,0,0,1,0,0,0,0,0,1,0,0
307,0,45,503,0,1,46,18,147,390,13,60,22,22.863636363636363,1,0,0,0,0,0,0,0,0,0,1,0,0
308,0,25,116,0,0,9,8,29,70,14,32,5,23.2,0,0,0,0,1,0,0,0,1,0,0,0,0
309,0,52,473,0,0,32,23,119,346,13,46,20,23.65,0,0,0,0,0,0,0,0,0,0,0,0,1
310,0,34,47,0,0,2,3,15,38,25,10,7,6.7142857142857135,1,0,0,0,0,0,0,0,1,0,0,0,0
311,0,1,12,0,0,1,0,1,9,0,12,0,0.0,0,1,0,0,0,0,0,1,0,0,0,0,0
312,0,4,111,0,0,11,5,52,103,0,47,0,0.0,0,0,0,0,0,0,0,0,1,0,0,0,0
313,1,20,62,0,0,5,3,25,53,12,30,3,20.666666666666668,1,0,0,0,0,0,0,0,0,0,0,1,0
314,1,66,47,0,0,2,2,29,58,52,13,5,9.4,0,0,0,0,1,0,0,0,0,0,1,0,0
315,1,21,22,0,0,1,0,5,22,17,13,1,22.0,0,0,0,0,0,0,0,0,0,0,0,0,1
316,0,1,0,0,0,0,0,2,2,1,0,0,0.0,1,0,0,0,0,0,0,0,1,0,0,0,0
317,0,2,8,0,0,0,0,8,15,1,8,0,0.0,0,0,0,0,0,0,0,1,0,0,0,0,0
318,0,10,140,0,1,16,0,68,143,0,50,0,0.0,1,0,0,0,0,0,0,0,1,0,0,0,0
319,1,61,1480,1,8,100,74,346,1053,2,101,38,38.94736842105263,0,0,1,0,0,0,0,0,0,0,1,0,0
320,0,23,388,0,2,39,13,124,311,4,80,6,64.66666666666667,0,0,0,0,0,1,0,1,0,0,0,0,0
321,1,29,209,0,0,16,9,69,170,10,36,10,20.9,1,0,0,0,0,0,0,0,0,0,0,1,0
322,1,5,32,0,0,3,1,15,32,1,16,0,0.0,0,0,1,0,0,0,0,0,0,0,0,1,0
323,0,5,5,0,0,1,0,1,3,4,5,0,0.0,0,0,0,1,0,0,0,1,0,0,0,0,0
324,0,31,280,0,0,16,15,61,196,8,36,8,35.0,1,0,0,0,0,0,0,0,1,0,0,0,0
325,0,9,0,0,0,0,0,1,1,9,0,0,0.0,1,0,0,0,0,0,0,0,1,0,0,0,0
326,0,9,125,0,1,13,2,48,116,2,55,3,41.66666666666666,1,0,0,0,0,0,0,0,1,0,0,0,0
327,0,6,98,0,0,12,0,43,96,0,41,0,0.0,0,0,0,0,0,0,0,0,0,0,0,1,0
328,0,28,342,0,1,36,9,107,280,8,51,14,24.42857142857143,1,0,0,0,0,0,0,0,0,0,1,0,0
329,0,4,87,0,0,7,2,28,77,0,31,0,0.0,1,0,0,0,0,0,1,0,0,0,0,0,0
330,0,12,164,0,0,15,2,72,167,2,42,3,54.66666666666666,1,0,0,0,0,0,0,0,0,0,0,0,0
331,0,3,12,0,0,0,1,3,9,1,11,0,0.0,1,0,0,0,0,0,0,0,1,0,0,0,0
332,0,33,5,0,0,0,0,9,14,31,4,1,5.0,1,0,0,0,0,0,0,0,1,0,0,0,0
333,0,34,574,0,3,48,37,128,350,9,66,18,31.88888888888889,0,0,0,0,1,0,0,0,0,0,0,0,1
334,0,12,4,0,0,0,0,3,7,11,4,0,0.0,1,0,0,0,0,0,0,0,0,0,1,0,0
335,0,5,89,0,0,6,4,40,85,0,45,3,29.66666666666667,0,0,0,0,0,0,0,0,0,0,0,1,0
336,0,1,0,0,0,0,0,1,1,1,0,0,0.0,1,0,0,0,0,0,0,0,0,0,1,0,0
337,0,7,125,0,0,11,1,54,134,0,49,1,125.0,1,0,0,0,0,0,0,0,0,0,1,0,0
338,0,41,877,0,7,96,20,279,700,5,83,31,28.29032258064516,1,0,0,0,0,0,0,0,0,0,1,0,0
339,0,22,280,0,0,23,1,142,323,1,46,13,21.538461538461537,1,0,0,0,0,0,0,0,0,0,1,0,0
340,1,2,14,0,0,3,0,8,13,1,14,0,0.0,0,0,0,1,0,0,0,0,1,0,0,0,0
341,0,7,19,0,0,2,0,10,23,3,14,1,19.0,1,0,0,0,0,0,0,0,1,0,0,0,0
342,0,2,4,0,0,0,0,5,9,1,4,0,0.0,0,0,0,0,0,0,0,1,0,0,0,0,0
343,0,6,2,0,0,0,0,5,6,5,2,0,0.0,1,0,0,0,0,0,0,0,1,0,0,0,0
344,0,34,728,0,2,72,26,262,580,4,67,25,29.12,1,0,0,0,0,0,0,0,1,0,0,0,0
345,0,35,3,0,0,0,0,5,8,32,1,1,3.0,1,0,0,0,0,0,0,0,0,0,0,0,1
346,0,23,10,0,0,0,0,13,22,18,5,2,5.0,1,0,0,0,0,0,0,1,0,0,0,0,0
347,1,3,23,0,0,0,0,8,27,1,12,1,23.0,0,0,0,1,0,0,0,0,0,0,0,0,0
348,1,12,51,0,0,3,2,26,52,8,23,4,12.75,0,0,0,0,1,0,0,1,0,0,0,0,0
349,0,39,285,0,1,18,17,53,178,23,82,7,40.714285714285715,0,0,1,0,0,0,0,1,0,0,0,0,0
350,0,52,1040,0,5,80,38,352,890,6,76,42,24.761904761904763,1,0,0,0,0,0,0,0,1,0,0,0,0
351,0,8,10,0,0,0,0,8,17,5,7,0,0.0,0,0,0,1,0,0,0,0,0,0,1,0,0
352,1,8,193,0,1,21,5,57,146,0,64,5,38.6,0,0,0,0,0,0,0,0,1,0,0,0,0
353,0,39,725,0,4,61,24,217,592,11,68,23,31.52173913043478,1,0,0,0,0,0,0,0,1,0,0,0,0
354,1,26,726,1,5,90,21,244,566,1,108,23,31.56521739130435,0,0,1,0,0,0,0,0,1,0,0,0,0
355,0,26,153,0,0,13,4,56,135,11,25,6,25.5,1,0,0,0,0,0,0,0,0,1,0,0,0
356,1,43,131,0,0,7,6,71,140,22,16,12,10.916666666666664,0,0,0,0,0,0,0,0,0,0,0,0,1
357,0,7,106,0,0,16,3,22,63,2,44,4,26.5,0,0,0,0,0,1,0,0,0,1,0,0,0
358,0,25,0,0,0,0,0,2,2,25,0,1,0.0,1,0,0,0,0,0,0,0,1,0,0,0,0
359,0,13,169,0,0,17,6,84,158,0,33,10,16.9,1,0,0,0,0,0,0,0,1,0,0,0,0
360,0,1,10,0,0,0,0,9,17,0,10,1,10.0,1,0,0,0,0,0,0,0,0,0,1,0,0
361,0,22,295,0,1,15,18,108,251,4,60,15,19.666666666666668,0,0,0,0,1,0,0,0,0,1,0,0,0
362,0,14,36,0,0,2,1,17,39,10,26,3,12.0,0,0,0,0,0,0,0,1,0,0,0,0,0
363,0,61,61,0,0,4,3,24,53,51,21,8,7.625,1,0,0,0,0,0,0,0,1,0,0,0,0
364,0,2,7,0,0,1,0,11,15,1,7,1,7.0,1,0,0,0,0,0,0,0,1,0,0,0,0
365,0,11,17,0,0,1,0,7,20,7,10,2,8.5,1,0,0,0,0,0,0,0,0,0,1,0,0
366,0,43,19,0,0,1,0,13,29,35,7,1,19.0,1,0,0,0,0,0,0,0,1,0,0,0,0
367,0,11,9,0,0,0,0,5,11,9,7,0,0.0,1,0,0,0,0,0,0,0,1,0,0,0,0
368,1,15,122,0,0,9,5,31,89,9,33,5,24.4,1,0,0,0,0,0,0,0,0,0,1,0,0
369,0,33,18,0,0,1,0,24,39,27,7,2,9.0,1,0,0,0,0,0,0,0,0,0,0,0,0
370,0,18,38,0,0,3,2,22,40,10,9,5,7.6,0,0,0,0,0,0,0,0,0,0,0,0,1
371,1,16,379,0,3,32,21,127,284,1,95,12,31.58333333333333,0,1,0,0,0,0,0,0,0,0,0,0,1
372,1,3,20,0,0,4,0,15,21,0,12,3,6.666666666666668,0,0,0,0,0,0,0,0,0,0,0,1,0
373,1,45,379,0,0,23,17,116,323,19,42,22,17.227272727272727,1,0,0,0,0,0,0,0,0,0,0,1,0
374,0,31,9,0,0,1,0,9,15,28,6,1,9.0,1,0,0,0,0,0,0,0,1,0,0,0,0
375,1,4,42,0,0,3,1,25,46,1,22,3,14.0,0,1,0,0,0,0,0,0,1,0,0,0,0
376,0,26,47,0,0,3,2,10,33,19,25,5,9.4,0,1,0,0,0,0,0,0,0,1,0,0,0
377,1,27,96,0,0,10,0,41,98,16,29,7,13.714285714285715,0,0,0,0,0,0,0,0,0,0,0,0,1
378,1,3,40,0,0,7,0,20,36,0,20,3,13.333333333333336,0,0,0,0,0,0,0,0,1,0,0,0,0
379,1,5,53,0,0,3,3,25,51,1,24,5,10.6,0,0,1,0,0,0,0,0,0,0,1,0,0
380,0,5,5,0,0,1,0,1,3,3,4,1,5.0,1,0,0,0,0,0,0,0,0,0,1,0,0
381,0,43,2,0,0,0,0,1,3,41,1,0,0.0,1,0,0,0,0,0,1,0,0,0,0,0,0
382,0,22,942,1,9,99,36,345,762,1,100,20,47.1,0,0,0,0,1,0,0,0,0,1,0,0,0
383,1,3,29,0,0,3,1,13,26,1,16,2,14.5,1,0,0,0,0,0,0,0,0,0,1,0,0
384,0,5,73,0,0,4,7,20,43,1,39,3,24.33333333333333,0,0,0,0,0,0,0,1,0,0,0,0,0
385,0,20,18,0,0,3,0,15,23,15,5,4,4.5,1,0,0,0,0,0,1,0,0,0,0,0,0
386,1,7,1,0,0,0,0,2,3,6,1,1,1.0,0,0,1,0,0,0,0,0,0,0,0,0,1
387,0,6,14,0,0,1,0,16,27,3,11,2,7.0,1,0,0,0,0,0,0,0,0,0,0,0,0
388,0,5,1,0,0,0,0,1,2,4,1,1,1.0,0,0,1,0,0,0,0,0,0,0,0,0,1
389,1,4,16,0,0,0,1,5,13,3,16,1,16.0,1,0,0,0,0,0,0,0,0,0,0,0,0
390,0,11,38,0,0,4,2,18,32,7,16,5,7.6,0,0,0,0,1,0,0,0,0,1,0,0,0
391,0,9,12,0,0,1,0,9,17,5,5,1,12.0,1,0,0,0,0,0,1,0,0,0,0,0,0
392,0,20,469,0,4,43,22,194,406,5,83,19,24.684210526315788,1,0,0,0,0,0,1,0,0,0,0,0,0
393,0,31,295,0,1,15,16,79,224,7,54,23,12.826086956521738,1,0,0,0,0,0,0,0,0,0,1,0,0
394,0,19,18,0,0,0,1,18,31,17,10,3,6.0,1,0,0,0,0,0,0,0,1,0,0,0,0
395,0,8,155,0,1,15,1,56,155,0,50,7,22.142857142857146,0,1,0,0,0,0,0,0,0,0,1,0,0
396,0,2,15,0,0,1,1,7,13,0,14,2,7.5,0,1,0,0,0,0,0,1,0,0,0,0,0
397,1,14,48,0,0,4,2,12,33,10,34,1,48.0,1,0,0,0,0,0,0,0,0,0,0,1,0
398,0,2,2,0,0,0,0,0,2,1,2,0,0.0,1,0,0,0,0,0,0,0,1,0,0,0,0
399,0,20,156,0,1,13,8,62,134,5,61,12,13.0,1,0,0,0,0,0,0,0,0,1,0,0,0
400,0,15,127,0,0,12,4,29,94,7,47,4,31.75,0,0,1,0,0,0,0,0,0,1,0,0,0
401,0,18,177,0,0,19,6,25,103,7,45,6,29.5,1,0,0,0,0,0,0,0,0,0,0,0,0
402,1,26,47,0,0,2,5,13,29,20,20,4,11.75,0,1,0,0,0,0,0,0,0,0,0,0,1
403,0,6,1,0,0,0,0,2,3,5,1,1,1.0,1,0,0,0,0,0,0,0,1,0,0,0,0
404,0,4,0,0,0,0,0,2,2,4,0,1,0.0,0,0,0,0,0,0,0,0,0,0,0,0,1
405,0,1,7,0,0,1,0,2,6,0,7,0,0.0,1,0,0,0,0,0,0,0,1,0,0,0,0
406,0,14,255,0,0,23,11,72,189,1,41,11,23.181818181818183,0,0,0,0,0,1,0,0,1,0,0,0,0
407,0,8,83,0,0,6,8,17,40,2,34,6,13.833333333333336,0,0,0,0,1,0,0,1,0,0,0,0,0
408,0,7,146,0,1,13,4,38,111,3,52,4,36.5,0,0,0,0,0,0,0,0,1,0,0,0,0
409,1,5,42,0,0,5,0,17,41,1,27,5,8.4,1,0,0,0,0,0,0,0,1,0,0,0,0
410,1,4,30,0,0,3,0,13,31,1,16,3,10.0,0,1,0,0,0,0,0,0,0,1,0,0,0
411,0,5,19,0,0,1,1,4,13,3,18,1,19.0,1,0,0,0,0,0,1,0,0,0,0,0,0
412,1,12,237,0,1,22,13,38,127,4,86,6,39.5,1,0,0,0,0,0,0,0,0,0,0,1,0
413,0,4,20,0,0,1,0,13,27,1,12,3,6.666666666666668,1,0,0,0,0,0,0,0,0,1,0,0,0
414,0,3,57,0,0,3,3,27,55,0,48,3,19.0,0,1,0,0,0,0,0,0,0,0,1,0,0
415,0,5,13,0,0,0,1,3,8,3,12,1,13.0,0,0,1,0,0,0,0,1,0,0,0,0,0
416,1,3,54,0,0,3,2,14,42,0,37,2,27.0,0,0,0,0,0,0,0,0,0,0,1,0,0
417,0,10,0,0,0,0,0,1,1,10,0,1,0.0,1,0,0,0,0,0,1,0,0,0,0,0,0
418,0,2,23,0,0,1,0,16,33,0,22,2,11.5,1,0,0,0,0,0,0,0,1,0,0,0,0
419,1,10,198,0,1,19,6,59,155,0,69,8,24.75,1,0,0,0,0,0,0,0,1,0,0,0,0
420,0,5,88,0,1,4,4,21,66,1,54,4,22.0,0,0,0,0,0,1,0,0,1,0,0,0,0
421,0,6,13,0,0,0,1,3,11,4,12,1,13.0,1,0,0,0,0,0,0,0,0,0,0,0,0
422,0,2,6,0,0,0,0,6,12,1,6,1,6.0,0,0,0,0,0,0,0,0,1,0,0,0,0
423,0,1,0,0,0,0,0,1,1,1,0,1,0.0,1,0,0,0,0,0,0,0,0,0,0,1,0
424,0,8,6,0,0,0,0,6,12,6,5,2,3.0,1,0,0,0,0,0,0,0,0,0,1,0,0
425,1,6,127,0,0,14,3,43,105,0,30,6,21.166666666666668,0,0,0,0,0,0,0,0,1,0,0,0,0
426,0,6,157,0,1,20,4,49,122,1,96,6,26.16666666666667,0,0,1,0,0,0,0,0,0,0,1,0,0
427,0,3,14,0,0,2,0,5,13,1,9,2,7.0,0,0,1,0,0,0,0,1,0,0,0,0,0
428,1,15,4,0,0,0,0,0,4,12,2,0,0.0,1,0,0,0,0,0,0,0,0,0,0,0,1
429,0,5,0,0,0,0,0,1,1,5,0,1,0.0,0,0,0,0,0,0,1,0,0,0,0,0,0
430,1,4,104,0,1,7,8,37,78,1,70,3,34.666666666666664,1,0,0,0,0,0,0,0,0,0,1,0,0
431,0,7,0,0,0,0,0,1,1,7,0,1,0.0,1,0,0,0,0,0,0,0,0,0,0,0,1
432,0,4,24,0,0,2,2,7,15,2,19,2,12.0,1,0,0,0,0,0,0,0,1,0,0,0,0
433,0,9,3,0,0,0,0,2,4,8,3,1,3.0,0,0,0,0,0,1,0,1,0,0,0,0,0
434,0,6,0,0,0,0,0,0,0,6,0,0,0.0,1,0,0,0,0,0,0,0,1,0,0,0,0
435,0,2,0,0,0,0,0,0,0,2,0,0,0.0,0,0,0,0,0,0,0,1,0,0,0,0,0
436,0,4,0,0,0,0,0,0,0,4,0,0,0.0,1,0,0,0,0,0,0,0,0,1,0,0,0
437,0,1,0,0,0,0,0,0,0,1,0,1,0.0,0,0,1,0,0,0,0,1,0,0,0,0,0
438,0,7,0,0,0,0,0,0,0,7,0,0,0.0,1,0,0,0,0,0,0,0,1,0,0,0,0
439,0,1,0,0,0,0,0,0,0,1,0,0,0.0,1,0,0,0,0,0,0,1,0,0,0,0,0
440,0,2,0,0,0,0,0,0,0,2,0,0,0.0,1,0,0,0,0,0,0,0,1,0,0,0,0
441,1,1,0,0,0,0,0,0,0,1,0,0,0.0,1,0,0,0,0,0,0,0,0,0,0,0,1
442,0,1,0,0,0,0,0,0,0,1,0,0,0.0,1,0,0,0,0,0,0,0,1,0,0,0,0
443,0,1,0,0,0,0,0,0,0,1,0,0,0.0,1,0,0,0,0,0,0,0,0,0,1,0,0
444,1,1,0,0,0,0,0,0,0,1,0,0,0.0,1,0,0,0,0,0,0,0,0,0,0,1,0
445,0,8,0,0,0,0,0,0,0,8,0,0,0.0,1,0,0,0,0,0,0,0,1,0,0,0,0
446,1,1,0,0,0,0,0,0,0,1,0,0,0.0,1,0,0,0,0,0,0,0,0,0,0,1,0
447,0,1,0,0,0,0,0,0,0,1,0,0,0.0,1,0,0,0,0,0,0,0,1,0,0,0,0
448,0,1,0,0,0,0,0,0,0,1,0,0,0.0,0,0,0,0,0,1,0,0,0,0,0,1,0
449,1,3,0,0,0,0,0,0,0,3,0,0,0.0,1,0,0,0,0,0,0,0,0,0,0,0,1
450,0,17,0,0,0,0,0,0,0,17,0,0,0.0,0,0,0,0,0,0,0,1,0,0,0,0,0
451,0,5,0,0,0,0,0,0,0,5,0,0,0.0,0,0,0,0,1,0,0,0,0,0,0,0,0
452,0,5,0,0,0,0,0,0,0,5,0,0,0.0,1,0,0,0,0,0,0,0,0,0,0,0,1
453,0,1,0,0,0,0,0,0,0,1,0,0,0.0,0,0,0,0,0,0,0,0,1,0,0,0,0
454,0,1,0,0,0,0,0,0,0,1,0,0,0.0,1,0,0,0,0,0,0,0,1,0,0,0,0
455,1,2,0,0,0,0,0,0,0,2,0,0,0.0,0,0,0,0,1,0,0,0,0,0,0,0,1
456,0,3,0,0,0,0,0,0,0,3,0,0,0.0,0,0,0,0,0,0,0,1,0,0,0,0,0
457,0,8,0,0,0,0,0,0,0,8,0,0,0.0,0,1,0,0,0,0,0,0,0,0,0,0,1
458,1,3,0,0,0,0,0,0,0,3,0,0,0.0,0,0,0,0,0,0,0,1,0,0,0,0,0
459,1,16,0,0,0,0,0,0,0,16,0,0,0.0,0,0,0,0,0,1,0,0,0,0,0,0,1
460,0,1,0,0,0,0,0,0,0,1,0,0,0.0,0,1,0,0,0,0,0,0,0,0,0,0,1
461,1,3,0,0,0,0,0,0,0,3,0,0,0.0,1,0,0,0,0,0,0,0,0,0,0,0,1
462,0,4,0,0,0,0,0,0,0,4,0,0,0.0,0,0,1,0,0,0,0,0,0,0,0,0,1
463,0,2,0,0,0,0,0,0,0,2,0,0,0.0,0,0,0,0,0,0,0,1,0,0,0,0,0
464,0,2,0,0,0,0,0,0,0,2,0,0,0.0,1,0,0,0,0,0,0,0,1,0,0,0,0
465,0,1,0,0,0,0,0,0,0,1,0,0,0.0,1,0,0,0,0,0,0,0,1,0,0,0,0
466,1,1,0,0,0,0,0,0,0,1,0,0,0.0,1,0,0,0,0,0,0,0,0,0,0,1,0
467,0,1,0,0,0,0,0,0,0,1,0,0,0.0,1,0,0,0,0,0,0,0,1,0,0,0,0
468,0,1,0,0,0,0,0,0,0,1,0,0,0.0,1,0,0,0,0,0,0,1,0,0,0,0,0
469,0,0,0,0,0,0,0,0,0,0,0,0,0.0,0,0,0,0,0,1,0,0,1,0,0,0,0
470,0,0,0,0,0,0,0,0,0,0,0,0,0.0,0,0,0,0,0,1,0,0,1,0,0,0,0
471,0,0,0,0,0,0,0,0,0,0,0,0,0.0,0,0,0,0,0,1,0,0,1,0,0,0,0
472,0,0,0,0,0,0,0,0,0,0,0,0,0.0,0,0,0,0,0,1,0,0,1,0,0,0,0
473,0,0,0,0,0,0,0,0,0,0,0,0,0.0,0,1,0,0,0,0,0,0,1,0,0,0,0
474,0,0,0,0,0,0,0,0,0,0,0,0,0.0,0,0,1,0,0,0,0,0,1,0,0,0,0
475,0,0,0,0,0,0,0,0,0,0,0,0,0.0,0,0,0,0,0,0,0,0,1,0,0,0,0
476,0,0,0,0,0,0,0,0,0,0,0,0,0.0,0,0,1,0,0,0,0,0,1,0,0,0,0
477,0,0,0,0,0,0,0,0,0,0,0,0,0.0,0,0,0,0,1,0,0,0,1,0,0,0,0
478,0,0,0,0,0,0,0,0,0,0,0,0,0.0,1,0,0,0,0,0,0,0,1,0,0,0,0
479,0,0,0,0,0,0,0,0,0,0,0,0,0.0,0,0,1,0,0,0,0,0,1,0,0,0,0
480,0,0,0,0,0,0,0,0,0,0,0,0,0.0,0,0,1,0,0,0,0,0,1,0,0,0,0
481,0,0,0,0,0,0,0,0,0,0,0,0,0.0,0,0,0,1,0,0,0,0,1,0,0,0,0
482,0,0,0,0,0,0,0,0,0,0,0,0,0.0,1,0,0,0,0,0,0,0,1,0,0,0,0
483,0,0,0,0,0,0,0,0,0,0,0,0,0.0,0,1,0,0,0,0,0,0,1,0,0,0,0
484,0,0,0,0,0,0,0,0,0,0,0,0,0.0,1,0,0,0,0,0,0,0,1,0,0,0,0
485,0,0,0,0,0,0,0,0,0,0,0,0,0.0,1,0,0,0,0,0,0,0,1,0,0,0,0
486,0,0,0,0,0,0,0,0,0,0,0,0,0.0,1,0,0,0,0,0,0,0,1,0,0,0,0
487,0,0,0,0,0,0,0,0,0,0,0,0,0.0,1,0,0,0,0,0,0,0,1,0,0,0,0
488,0,0,0,0,0,0,0,0,0,0,0,0,0.0,1,0,0,0,0,0,0,0,1,0,0,0,0
489,0,0,0,0,0,0,0,0,0,0,0,0,0.0,0,0,0,0,0,0,0,0,1,0,0,0,0
490,0,0,0,0,0,0,0,0,0,0,0,0,0.0,1,0,0,0,0,0,0,0,1,0,0,0,0
491,0,0,0,0,0,0,0,0,0,0,0,0,0.0,1,0,0,0,0,0,0,0,1,0,0,0,0
492,0,0,0,0,0,0,0,0,0,0,0,0,0.0,0,0,0,0,0,0,0,0,1,0,0,0,0
493,0,0,0,0,0,0,0,0,0,0,0,0,0.0,0,0,1,0,0,0,0,0,1,0,0,0,0
494,0,0,0,0,0,0,0,0,0,0,0,0,0.0,1,0,0,0,0,0,0,0,1,0,0,0,0
495,0,0,0,0,0,0,0,0,0,0,0,0,0.0,1,0,0,0,0,0,0,0,1,0,0,0,0
496,0,0,0,0,0,0,0,0,0,0,0,0,0.0,0,0,0,0,0,0,0,0,1,0,0,0,0
497,0,0,0,0,0,0,0,0,0,0,0,0,0.0,1,0,0,0,0,0,0,0,1,0,0,0,0
498,0,0,0,0,0,0,0,0,0,0,0,0,0.0,1,0,0,0,0,0,0,0,1,0,0,0,0
499,0,0,0,0,0,0,0,0,0,0,0,0,0.0,0,0,0,0,0,1,0,0,1,0,0,0,0
500,0,0,0,0,0,0,0,0,0,0,0,0,0.0,0,0,0,0,0,1,0,0,1,0,0,0,0
501,0,0,0,0,0,0,0,0,0,0,0,0,0.0,1,0,0,0,0,0,0,0,1,0,0,0,0
502,0,0,0,0,0,0,0,0,0,0,0,0,0.0,1,0,0,0,0,0,0,0,1,0,0,0,0
503,0,0,0,0,0,0,0,0,0,0,0,0,0.0,0,0,0,0,0,0,0,0,1,0,0,0,0
504,0,0,0,0,0,0,0,0,0,0,0,0,0.0,0,1,0,0,0,0,0,0,1,0,0,0,0
505,0,0,0,0,0,0,0,0,0,0,0,0,0.0,1,0,0,0,0,0,0,0,1,0,0,0,0
506,0,0,0,0,0,0,0,0,0,0,0,0,0.0,1,0,0,0,0,0,0,0,1,0,0,0,0
507,0,0,0,0,0,0,0,0,0,0,0,0,0.0,1,0,0,0,0,0,0,0,1,0,0,0,0
508,0,0,0,0,0,0,0,0,0,0,0,0,0.0,1,0,0,0,0,0,0,0,1,0,0,0,0
509,0,0,0,0,0,0,0,0,0,0,0,0,0.0,1,0,0,0,0,0,0,0,1,0,0,0,0
510,0,0,0,0,0,0,0,0,0,0,0,0,0.0,1,0,0,0,0,0,0,0,1,0,0,0,0
511,0,0,0,0,0,0,0,0,0,0,0,0,0.0,1,0,0,0,0,0,0,0,1,0,0,0,0
512,0,0,0,0,0,0,0,0,0,0,0,0,0.0,0,0,0,0,0,1,0,0,1,0,0,0,0
513,0,0,0,0,0,0,0,0,0,0,0,0,0.0,1,0,0,0,0,0,0,0,1,0,0,0,0
514,0,0,0,0,0,0,0,0,0,0,0,0,0.0,1,0,0,0,0,0,0,0,1,0,0,0,0
515,0,0,0,0,0,0,0,0,0,0,0,0,0.0,0,0,0,1,0,0,0,0,1,0,0,0,0
516,0,0,0,0,0,0,0,0,0,0,0,0,0.0,0,1,0,0,0,0,0,0,1,0,0,0,0
517,0,0,0,0,0,0,0,0,0,0,0,0,0.0,0,0,0,0,0,0,0,0,1,0,0,0,0
518,0,0,0,0,0,0,0,0,0,0,0,0,0.0,1,0,0,0,0,0,0,0,1,0,0,0,0
519,0,0,0,0,0,0,0,0,0,0,0,0,0.0,1,0,0,0,0,0,0,0,1,0,0,0,0
520,0,0,0,0,0,0,0,0,0,0,0,0,0.0,1,0,0,0,0,0,0,0,1,0,0,0,0
521,0,0,0,0,0,0,0,0,0,0,0,0,0.0,1,0,0,0,0,0,0,0,1,0,0,0,0
522,0,0,0,0,0,0,0,0,0,0,0,0,0.0,1,0,0,0,0,0,0,0,0,0,1,0,0
